mcramill = Alexander Miller <AMill7@users.noreply.github.com>
mcradler = René Adler <adlerre@users.noreply.github.com>
mcraseif = Arne Seifert <seiferta@users.noreply.github.com>
mcrfluet = Frank Lützenkirchen <frank.luetzenkirchen@uni-due.de>
mcrhruem = Hinnerk Rümenapf <hirue@users.noreply.github.com>
mcrjbueh = Johannes Bühler <jonnybbb@gmail.com>
mcrjkupf = Jens Kupferschmidt <bt1cu@users.noreply.github.com>
mcrkrebs = Kathleen Neumann <neumann@gbv.de>
mcrmeich = Matthias Eichner <Mewel@users.noreply.github.com>
mcrmibue = Michel Büchner <michel.buechner@uni-jena.de>
mcrmslue = Marc Schlüpmann <mschluepmann@users.noreply.github.com>
mcrnverh = Nils Verheyen <captain-proton@users.noreply.github.com>
mcrpabor = Paul Borchert <paul.borchert@gbv.de>
mcrradic = Radi Radichev <radi.radichev@gmail.com>
mcrschmi = Stephan Schmidt <stephanSchneider@users.noreply.github.com>
mcrsherm = Silvio Hermann <Possommi@users.noreply.github.com>
mcrshofm = Sebastian Hofmann <hofmann.s@uni-jena.de>
mcrsteph = Robert Stephan <rsteph-de@users.noreply.github.com>
mcrtchef = Thomas Scheffler <github@yagee.de>
mcrvuchi = Huu Chi Vu <chi.vuhuu@gmail.com>
mcrwoelt = Wiebke Oeltjen <WieOel@users.noreply.github.com>
mcrproch = Paul Rochowski <Paul.Rochowski@uni-due.de>

mcrkynas = Clemens Kynast <clemens.kynast@uni-jena.de>
mcrtineu = Tilo Neumann <TiloNN@users.noreply.github.com>

(no author) = no_author <no_author@C320BF3A-A90D-4DE6-950E-8B3152725485>
anonymous = no_author <no_author@C320BF3A-A90D-4DE6-950E-8B3152725485>
mcrcvs = no_author <no_author@C320BF3A-A90D-4DE6-950E-8B3152725485>
mcrascha = Anja Helmbrecht-Schaar <mcrascha@duepub-1.zim.uni-duisburg-essen.de>
mcratrap = Andreas Trappe <mcratrap@duepub-1.zim.uni-duisburg-essen.de>
mcrbremi = Michael Brendel <mcrbremi@duepub-1.zim.uni-duisburg-essen.de>
mcrbsuse = Benno Süselbeck <mcrbsuse@duepub-1.zim.uni-duisburg-essen.de>
mcrckoch = Christoph Koch <mcrckoch@duepub-1.zim.uni-duisburg-essen.de>
mcrddege = Detlef Degenhard <mcrddege@duepub-1.zim.uni-duisburg-essen.de>
mcrdkirs = Daniel Kirst <mcrdkirs@duepub-1.zim.uni-duisburg-essen.de>
mcrheinz = Philipp Heinze <mcrheinz@duepub-1.zim.uni-duisburg-essen.de>
mcrhhelm = Heiko Helmbrecht <mcrhhelm@duepub-1.zim.uni-duisburg-essen.de>
mcrhrich = Harald Richter <mcrhrich@duepub-1.zim.uni-duisburg-essen.de>
mcrkpont = Kerstin Ponten <mcrkpont@duepub-1.zim.uni-duisburg-essen.de>
mcrkramm = Matthias Kramm <mcrkramm@duepub-1.zim.uni-duisburg-essen.de>
mcrkuhnt = Nicky Kuhnt <mcrkuhnt@duepub-1.zim.uni-duisburg-essen.de>
mcrmhegn = Mathias Hegner <mcrmhegn@duepub-1.zim.uni-duisburg-essen.de>
mcrmheus = Marcel Heusinger <mcrmheus@duepub-1.zim.uni-duisburg-essen.de>
mcrsroeh = Sebastian Röhler <mcrschmi@duepub-1.zim.uni-duisburg-essen.de>
mcrukroe = Ulrike Krönert <mcrukroe@duepub-1.zim.uni-duisburg-essen.de>
mcrwgres = Werner Gresshoff <mcrwgres@duepub-1.zim.uni-duisburg-essen.de>
